Code	Barrio	Foreign born	Percent; PERCENTAGE OF FAMILIES AND PEOPLE WHOSE INCOME IN THE PAST 12 MONTHS IS BELOW THE POVERTY LEVEL - All families
0600000US7200100401	Adjuntas barrio-pueblo, Adjuntas Municipio, Puerto Rico	2.8	47.1
0600000US7200113645	Capáez barrio, Adjuntas Municipio, Puerto Rico	0.3	52.3
0600000US7200130458	Garzas barrio, Adjuntas Municipio, Puerto Rico	0	52.4
0600000US7200132049	Guayabo Dulce barrio, Adjuntas Municipio, Puerto Rico	0	18.2
0600000US7200132608	Guayo barrio, Adjuntas Municipio, Puerto Rico	0	37.3
0600000US7200132780	Guilarte barrio, Adjuntas Municipio, Puerto Rico	0	71
0600000US7200139273	Juan González barrio, Adjuntas Municipio, Puerto Rico	0	44.2
0600000US7200145422	Limaní barrio, Adjuntas Municipio, Puerto Rico	0	12.8
0600000US7200160773	Pellejas barrio, Adjuntas Municipio, Puerto Rico	0	73.6
0600000US7200163955	Portillo barrio, Adjuntas Municipio, Puerto Rico	0	73.5
0600000US7200163998	Portugués barrio, Adjuntas Municipio, Puerto Rico	0	54.7
0600000US7200174963	Saltillo barrio, Adjuntas Municipio, Puerto Rico	0	50.6
0600000US7200181714	Tanamá barrio, Adjuntas Municipio, Puerto Rico	1	79.5
0600000US7200185584	Vegas Abajo barrio, Adjuntas Municipio, Puerto Rico	0	85.2
0600000US7200185627	Vegas Arriba barrio, Adjuntas Municipio, Puerto Rico	0	50.5
0600000US7200187949	Yahuecas barrio, Adjuntas Municipio, Puerto Rico	0.7	50.2
0600000US7200188250	Yayales barrio, Adjuntas Municipio, Puerto Rico	0	30.8
0600000US7200300000	Municipio subdivision not defined, Aguada Municipio, Puerto Rico	0	-
0600000US7200300659	Aguada barrio-pueblo, Aguada Municipio, Puerto Rico	-	66.2
0600000US7200304185	Asomante barrio, Aguada Municipio, Puerto Rico	0.5	47.8
0600000US7200304400	Atalaya barrio, Aguada Municipio, Puerto Rico	1	65.8
0600000US7200314591	Carrizal barrio, Aguada Municipio, Puerto Rico	0.3	42.4
0600000US7200317085	Cerro Gordo barrio, Aguada Municipio, Puerto Rico	3.9	80.7
0600000US7200321772	Cruces barrio, Aguada Municipio, Puerto Rico	0	42.6
0600000US7200327233	Espinar barrio, Aguada Municipio, Puerto Rico	3.9	45.4
0600000US7200330931	Guanábano barrio, Aguada Municipio, Puerto Rico	0	70.6
0600000US7200331318	Guaniquilla barrio, Aguada Municipio, Puerto Rico	0	40.1
0600000US7200331963	Guayabo barrio, Aguada Municipio, Puerto Rico	1.1	39
0600000US7200337596	Jagüey barrio, Aguada Municipio, Puerto Rico	0.4	56.9
0600000US7200340907	Lagunas barrio, Aguada Municipio, Puerto Rico	0	50.9
0600000US7200349421	Mal Paso barrio, Aguada Municipio, Puerto Rico	0.5	48.3
0600000US7200349550	Mamey barrio, Aguada Municipio, Puerto Rico	1	47.8
0600000US7200351098	Marías barrio, Aguada Municipio, Puerto Rico	0	55.2
0600000US7200356215	Naranjo barrio, Aguada Municipio, Puerto Rico	0.7	72.1
0600000US7200361719	Piedras Blancas barrio, Aguada Municipio, Puerto Rico	0	33
0600000US7200370921	Río Grande barrio, Aguada Municipio, Puerto Rico	0.2	52.5
0600000US7200500000	Municipio subdivision not defined, Aguadilla Municipio, Puerto Rico	0	-
0600000US7200500530	Aguacate barrio, Aguadilla Municipio, Puerto Rico	-	27.6
0600000US7200500788	Aguadilla barrio-pueblo, Aguadilla Municipio, Puerto Rico	0	72.3
0600000US7200503626	Arenales barrio, Aguadilla Municipio, Puerto Rico	0.3	46.7
0600000US7200508313	Borinquen barrio, Aguadilla Municipio, Puerto Rico	1.9	46.5
0600000US7200510592	Caimital Alto barrio, Aguadilla Municipio, Puerto Rico	1.8	41.2
0600000US7200510635	Caimital Bajo barrio, Aguadilla Municipio, Puerto Rico	0.7	63.3
0600000US7200511237	Camaceyes barrio, Aguadilla Municipio, Puerto Rico	0.2	46.2
0600000US7200516225	Ceiba Alta barrio, Aguadilla Municipio, Puerto Rico	0.2	48.8
0600000US7200516268	Ceiba Baja barrio, Aguadilla Municipio, Puerto Rico	2.3	27.9
0600000US7200520955	Corrales barrio, Aguadilla Municipio, Puerto Rico	0	52.7
0600000US7200532694	Guerrero barrio, Aguadilla Municipio, Puerto Rico	1.4	54.1
0600000US7200549292	Maleza Alta barrio, Aguadilla Municipio, Puerto Rico	1.2	35.8
0600000US7200549335	Maleza Baja barrio, Aguadilla Municipio, Puerto Rico	7.8	10.7
0600000US7200554108	Montaña barrio, Aguadilla Municipio, Puerto Rico	5.3	56.3
0600000US7200557935	Palmar barrio, Aguadilla Municipio, Puerto Rico	2.3	34.4
0600000US7200585842	Victoria barrio, Aguadilla Municipio, Puerto Rico	0	52.4
0600000US7200700917	Aguas Buenas barrio-pueblo, Aguas Buenas Municipio, Puerto Rico	2.6	56.6
0600000US7200704529	Bairoa barrio, Aguas Buenas Municipio, Puerto Rico	0	65.8
0600000US7200706894	Bayamoncito barrio, Aguas Buenas Municipio, Puerto Rico	0	48.3
0600000US7200710506	Cagüitas barrio, Aguas Buenas Municipio, Puerto Rico	0	66.6
0600000US7200737682	Jagüeyes barrio, Aguas Buenas Municipio, Puerto Rico	0	38.7
0600000US7200739230	Juan Asencio barrio, Aguas Buenas Municipio, Puerto Rico	2.3	66.6
0600000US7200755441	Mula barrio, Aguas Buenas Municipio, Puerto Rico	0.5	43.5
0600000US7200755527	Mulita barrio, Aguas Buenas Municipio, Puerto Rico	0	57.6
0600000US7200780467	Sonadora barrio, Aguas Buenas Municipio, Puerto Rico	0	39.9
0600000US7200780811	Sumidero barrio, Aguas Buenas Municipio, Puerto Rico	2.2	51.9
0600000US7200901261	Aibonito barrio-pueblo, Aibonito Municipio, Puerto Rico	0.4	44.8
0600000US7200901605	Algarrobo barrio, Aibonito Municipio, Puerto Rico	1.9	82.4
0600000US7200904271	Asomante barrio, Aibonito Municipio, Puerto Rico	0	49.7
0600000US7200913344	Caonillas barrio, Aibonito Municipio, Puerto Rico	0	44.2
0600000US7200922890	Cuyón barrio, Aibonito Municipio, Puerto Rico	2.5	58.1
0600000US7200945895	Llanos barrio, Aibonito Municipio, Puerto Rico	0	46.7
0600000US7200960042	Pasto barrio, Aibonito Municipio, Puerto Rico	0.5	50.8
0600000US7200962536	Plata barrio, Aibonito Municipio, Puerto Rico	0.5	32.5
0600000US7200971867	Robles barrio, Aibonito Municipio, Puerto Rico	0	46.2
0600000US7201100000	Municipio subdivision not defined, Añasco Municipio, Puerto Rico	1.6	-
0600000US7201102637	Añasco barrio-pueblo, Añasco Municipio, Puerto Rico	-	70.8
0600000US7201102723	Añasco Abajo barrio, Añasco Municipio, Puerto Rico	0.1	-
0600000US7201102766	Añasco Arriba barrio, Añasco Municipio, Puerto Rico	-	18.6
0600000US7201110248	Caguabo barrio, Añasco Municipio, Puerto Rico	0.8	62.4
0600000US7201113989	Caracol barrio, Añasco Municipio, Puerto Rico	0.8	28.5
0600000US7201114462	Carreras barrio, Añasco Municipio, Puerto Rico	0	30.6
0600000US7201114978	Casey Abajo barrio, Añasco Municipio, Puerto Rico	0.4	45.7
0600000US7201115021	Casey Arriba barrio, Añasco Municipio, Puerto Rico	4.9	85.1
0600000US7201117128	Cerro Gordo barrio, Añasco Municipio, Puerto Rico	0	50.4
0600000US7201118031	Cidra barrio, Añasco Municipio, Puerto Rico	0	64
0600000US7201120439	Corcovada barrio, Añasco Municipio, Puerto Rico	0	56.9
0600000US7201123148	Dagüey barrio, Añasco Municipio, Puerto Rico	0	55.4
0600000US7201127276	Espino barrio, Añasco Municipio, Puerto Rico	1.1	31.3
0600000US7201133253	Hatillo barrio, Añasco Municipio, Puerto Rico	0	48.9
0600000US7201135661	Humatas barrio, Añasco Municipio, Puerto Rico	0.5	67
0600000US7201151141	Marías barrio, Añasco Municipio, Puerto Rico	0	50.6
0600000US7201153463	Miraflores barrio, Añasco Municipio, Puerto Rico	1.2	69.5
0600000US7201157591	Ovejas barrio, Añasco Municipio, Puerto Rico	2.4	57.6
0600000US7201161934	Piñales barrio, Añasco Municipio, Puerto Rico	0	50.8
0600000US7201162665	Playa barrio, Añasco Municipio, Puerto Rico	0.5	54.6
0600000US7201167567	Quebrada Larga barrio, Añasco Municipio, Puerto Rico	0	42.6
0600000US7201170147	Río Arriba barrio, Añasco Municipio, Puerto Rico	0	40
0600000US7201170534	Río Cañas barrio, Añasco Municipio, Puerto Rico	7.1	100
0600000US7201300000	Municipio subdivision not defined, Arecibo Municipio, Puerto Rico	0	-
0600000US7201303411	Arecibo barrio-pueblo, Arecibo Municipio, Puerto Rico	-	68.2
0600000US7201303540	Arenalejos barrio, Arecibo Municipio, Puerto Rico	1.9	37.1
0600000US7201304056	Arrozal barrio, Arecibo Municipio, Puerto Rico	0	69.3
0600000US7201311323	Cambalache barrio, Arecibo Municipio, Puerto Rico	1	35.5
0600000US7201314505	Carreras barrio, Arecibo Municipio, Puerto Rico	0	67.5
0600000US7201323750	Domingo Ruíz barrio, Arecibo Municipio, Puerto Rico	0	49.6
0600000US7201323836	Dominguito barrio, Arecibo Municipio, Puerto Rico	0	40.7
0600000US7201327061	Esperanza barrio, Arecibo Municipio, Puerto Rico	0.6	55.8
0600000US7201327835	Factor barrio, Arecibo Municipio, Puerto Rico	0	40.3
0600000US7201330329	Garrochales barrio, Arecibo Municipio, Puerto Rico	0.4	57.3
0600000US7201333511	Hato Abajo barrio, Arecibo Municipio, Puerto Rico	1.9	33.6
0600000US7201333554	Hato Arriba barrio, Arecibo Municipio, Puerto Rico	1.6	32.9
0600000US7201334199	Hato Viejo barrio, Arecibo Municipio, Puerto Rico	0.5	45.6
0600000US7201336865	Islote barrio, Arecibo Municipio, Puerto Rico	0	46.4
0600000US7201353549	Miraflores barrio, Arecibo Municipio, Puerto Rico	1.8	50
0600000US7201370190	Río Arriba barrio, Arecibo Municipio, Puerto Rico	0	48.8
0600000US7201373759	Sabana Hoyos barrio, Arecibo Municipio, Puerto Rico	0	52.5
0600000US7201378704	Santana barrio, Arecibo Municipio, Puerto Rico	1.6	27.2
0600000US7201381757	Tanamá barrio, Arecibo Municipio, Puerto Rico	1.4	40.6
0600000US7201500000	Municipio subdivision not defined, Arroyo Municipio, Puerto Rico	0.5	-
0600000US7201502809	Ancones barrio, Arroyo Municipio, Puerto Rico	-	51
0600000US7201503970	Arroyo barrio-pueblo, Arroyo Municipio, Puerto Rico	0.3	40.7
0600000US7201531748	Guásimas barrio, Arroyo Municipio, Puerto Rico	1.7	44.5
0600000US7201558408	Palmas barrio, Arroyo Municipio, Puerto Rico	0.8	40.5
0600000US7201562192	Pitahaya barrio, Arroyo Municipio, Puerto Rico	2.2	47.1
0600000US7201588164	Yaurel barrio, Arroyo Municipio, Puerto Rico	0.4	79.2
0600000US7201700000	Municipio subdivision not defined, Barceloneta Municipio, Puerto Rico	1.7	-
0600000US7201705389	Barceloneta barrio-pueblo, Barceloneta Municipio, Puerto Rico	-	61.3
0600000US7201729039	Florida Afuera barrio, Barceloneta Municipio, Puerto Rico	0	42.3
0600000US7201730415	Garrochales barrio, Barceloneta Municipio, Puerto Rico	0.2	50.6
0600000US7201758580	Palmas Altas barrio, Barceloneta Municipio, Puerto Rico	0	51.8
0600000US7201905604	Barrancas barrio, Barranquitas Municipio, Puerto Rico	0	58.3
0600000US7201905733	Barranquitas barrio-pueblo, Barranquitas Municipio, Puerto Rico	0	71.2
0600000US7201912097	Cañabón barrio, Barranquitas Municipio, Puerto Rico	0.4	60.7
0600000US7201934500	Helechal barrio, Barranquitas Municipio, Puerto Rico	0	54
0600000US7201934887	Honduras barrio, Barranquitas Municipio, Puerto Rico	0	60.7
0600000US7201958795	Palo Hincado barrio, Barranquitas Municipio, Puerto Rico	0	40.5
0600000US7201967309	Quebrada Grande barrio, Barranquitas Municipio, Puerto Rico	0	57.4
0600000US7201967997	Quebradillas barrio, Barranquitas Municipio, Puerto Rico	0	51.6
0600000US7202106636	Bayamón barrio-pueblo, Bayamón Municipio, Puerto Rico	0.4	71.8
0600000US7202109130	Buena Vista barrio, Bayamón Municipio, Puerto Rico	10	32.7
0600000US7202117171	Cerro Gordo barrio, Bayamón Municipio, Puerto Rico	1.1	28.2
0600000US7202123191	Dajaos barrio, Bayamón Municipio, Puerto Rico	3.8	49.9
0600000US7202131619	Guaraguao Abajo barrio, Bayamón Municipio, Puerto Rico	0	33.7
0600000US7202131662	Guaraguao Arriba barrio, Bayamón Municipio, Puerto Rico	2.7	49.3
0600000US7202134156	Hato Tejas barrio, Bayamón Municipio, Puerto Rico	0.6	25.1
0600000US7202139402	Juan Sánchez barrio, Bayamón Municipio, Puerto Rico	3.4	24.1
0600000US7202153162	Minillas barrio, Bayamón Municipio, Puerto Rico	6.5	31.5
0600000US7202156774	Nuevo barrio, Bayamón Municipio, Puerto Rico	5.3	37.8
0600000US7202157763	Pájaros barrio, Bayamón Municipio, Puerto Rico	1.4	34.7
0600000US7202178790	Santa Olaya barrio, Bayamón Municipio, Puerto Rico	2.4	36.2
0600000US7202300000	Municipio subdivision not defined, Cabo Rojo Municipio, Puerto Rico	0	-
0600000US7202304787	Bajura barrio, Cabo Rojo Municipio, Puerto Rico	-	31.1
0600000US7202308012	Boquerón barrio, Cabo Rojo Municipio, Puerto Rico	1.7	37.8
0600000US7202309818	Cabo Rojo barrio-pueblo, Cabo Rojo Municipio, Puerto Rico	0	72.9
0600000US7202331017	Guanajibo barrio, Cabo Rojo Municipio, Puerto Rico	0	50
0600000US7202346067	Llanos Costa barrio, Cabo Rojo Municipio, Puerto Rico	0.8	48.7
0600000US7202346153	Llanos Tuna barrio, Cabo Rojo Municipio, Puerto Rico	0	59.1
0600000US7202353377	Miradero barrio, Cabo Rojo Municipio, Puerto Rico	1.1	40.5
0600000US7202354409	Monte Grande barrio, Cabo Rojo Municipio, Puerto Rico	0.5	50.5
0600000US7202360601	Pedernales barrio, Cabo Rojo Municipio, Puerto Rico	1.5	48.5
0600000US7202504615	Bairoa barrio, Caguas Municipio, Puerto Rico	1.4	27
0600000US7202507152	Beatriz barrio, Caguas Municipio, Puerto Rico	3.3	38.5
0600000US7202508356	Borinquen barrio, Caguas Municipio, Puerto Rico	0.6	40.7
0600000US7202510377	Caguas barrio-pueblo, Caguas Municipio, Puerto Rico	1.7	43.9
0600000US7202512140	Cañabón barrio, Caguas Municipio, Puerto Rico	3.3	15.6
0600000US7202512226	Cañaboncito barrio, Caguas Municipio, Puerto Rico	2.5	33.3
0600000US7202570577	Río Cañas barrio, Caguas Municipio, Puerto Rico	1	34.7
0600000US7202575651	San Antonio barrio, Caguas Municipio, Puerto Rico	2.4	39.6
0600000US7202577371	San Salvador barrio, Caguas Municipio, Puerto Rico	0.6	38.3
0600000US7202582918	Tomás de Castro barrio, Caguas Municipio, Puerto Rico	0	28.7
0600000US7202583950	Turabo barrio, Caguas Municipio, Puerto Rico	0.8	41.8
0600000US7202700000	Municipio subdivision not defined, Camuy Municipio, Puerto Rico	1.2	-
0600000US7202700100	Abra Honda barrio, Camuy Municipio, Puerto Rico	-	51.4
0600000US7202711968	Camuy barrio-pueblo, Camuy Municipio, Puerto Rico	0	48.8
0600000US7202712011	Camuy Arriba barrio, Camuy Municipio, Puerto Rico	0.5	48.1
0600000US7202717859	Cibao barrio, Camuy Municipio, Puerto Rico	5	47.7
0600000US7202718375	Ciénagas barrio, Camuy Municipio, Puerto Rico	0.1	51.3
0600000US7202752990	Membrillo barrio, Camuy Municipio, Puerto Rico	0	43
0600000US7202761633	Piedra Gorda barrio, Camuy Municipio, Puerto Rico	0.4	55.2
0600000US7202765116	Puente barrio, Camuy Municipio, Puerto Rico	3.9	37.4
0600000US7202765847	Puertos barrio, Camuy Municipio, Puerto Rico	0.8	80.4
0600000US7202766707	Quebrada barrio, Camuy Municipio, Puerto Rico	0	44.6
0600000US7202779349	Santiago barrio, Camuy Municipio, Puerto Rico	0.2	83.6
0600000US7202788336	Yeguada barrio, Camuy Municipio, Puerto Rico	0	43.7
0600000US7202788508	Zanja barrio, Camuy Municipio, Puerto Rico	4.1	42.9
0600000US7202912850	Canóvanas barrio, Canóvanas Municipio, Puerto Rico	0	37.6
0600000US7202912871	Canóvanas barrio-pueblo, Canóvanas Municipio, Puerto Rico	4.6	28.6
0600000US7202922202	Cubuy barrio, Canóvanas Municipio, Puerto Rico	2.5	46.7
0600000US7202933812	Hato Puerco barrio, Canóvanas Municipio, Puerto Rico	0.4	35.8
0600000US7202946669	Lomas barrio, Canóvanas Municipio, Puerto Rico	1.3	42.3
0600000US7202983047	Torrecilla Alta barrio, Canóvanas Municipio, Puerto Rico	1.1	45.2
0600000US7203100000	Municipio subdivision not defined, Carolina Municipio, Puerto Rico	1	-
0600000US7203105819	Barrazas barrio, Carolina Municipio, Puerto Rico	-	38.2
0600000US7203109150	Buena Vista barrio, Carolina Municipio, Puerto Rico	2.2	29.4
0600000US7203109947	Cacao barrio, Carolina Municipio, Puerto Rico	5.4	30.4
0600000US7203112699	Cangrejo Arriba barrio, Carolina Municipio, Puerto Rico	2.9	15
0600000US7203113086	Canovanillas barrio, Carolina Municipio, Puerto Rico	17.5	20.8
0600000US7203114333	Carolina barrio-pueblo, Carolina Municipio, Puerto Rico	2	39.4
0600000US7203114763	Carruzos barrio, Carolina Municipio, Puerto Rico	0.8	36.6
0600000US7203115709	Cedro barrio, Carolina Municipio, Puerto Rico	0	31.9
0600000US7203151571	Martín González barrio, Carolina Municipio, Puerto Rico	0	26.6
0600000US7203173286	Sabana Abajo barrio, Carolina Municipio, Puerto Rico	5.1	28.8
0600000US7203175479	San Antón barrio, Carolina Municipio, Puerto Rico	7.9	34.7
0600000US7203177973	Santa Cruz barrio, Carolina Municipio, Puerto Rico	4.3	36.6
0600000US7203183735	Trujillo Bajo barrio, Carolina Municipio, Puerto Rico	1.3	20.6
0600000US7203315236	Cataño barrio-pueblo, Cataño Municipio, Puerto Rico	1.5	41.1
0600000US7203358451	Palmas barrio, Cataño Municipio, Puerto Rico	4.5	43.7
0600000US7203507238	Beatriz barrio, Cayey Municipio, Puerto Rico	3.1	27.4
0600000US7203515537	Cayey barrio-pueblo, Cayey Municipio, Puerto Rico	0.8	42.7
0600000US7203515752	Cedro barrio, Cayey Municipio, Puerto Rico	0.8	12.8
0600000US7203516913	Cercadillo barrio, Cayey Municipio, Puerto Rico	0	39.3
0600000US7203522718	Culebras Alto barrio, Cayey Municipio, Puerto Rico	0	100
0600000US7203522761	Culebras Bajo barrio, Cayey Municipio, Puerto Rico	0	0
0600000US7203528093	Farallón barrio, Cayey Municipio, Puerto Rico	0	45.1
0600000US7203531834	Guavate barrio, Cayey Municipio, Puerto Rico	0	42.8
0600000US7203537854	Jájome Alto barrio, Cayey Municipio, Puerto Rico	4.5	82
0600000US7203537897	Jájome Bajo barrio, Cayey Municipio, Puerto Rico	0	49.4
0600000US7203541638	Lapa barrio, Cayey Municipio, Puerto Rico	0	30.2
0600000US7203552087	Matón Abajo barrio, Cayey Municipio, Puerto Rico	0	46.4
0600000US7203552130	Matón Arriba barrio, Cayey Municipio, Puerto Rico	0	48.5
0600000US7203554452	Monte Llano barrio, Cayey Municipio, Puerto Rico	1.5	14.2
0600000US7203560300	Pasto Viejo barrio, Cayey Municipio, Puerto Rico	1.1	26
0600000US7203560644	Pedro Avila barrio, Cayey Municipio, Puerto Rico	0	0
0600000US7203561676	Piedras barrio, Cayey Municipio, Puerto Rico	0	100
0600000US7203567051	Quebrada Arriba barrio, Cayey Municipio, Puerto Rico	0	24.2
0600000US7203569459	Rincón barrio, Cayey Municipio, Puerto Rico	0	18.9
0600000US7203580854	Sumido barrio, Cayey Municipio, Puerto Rico	0.6	74.2
0600000US7203582746	Toíta barrio, Cayey Municipio, Puerto Rico	0	32.8
0600000US7203585498	Vegas barrio, Cayey Municipio, Puerto Rico	0.3	29.9
0600000US7203700000	Municipio subdivision not defined, Ceiba Municipio, Puerto Rico	0.7	-
0600000US7203715967	Ceiba barrio-pueblo, Ceiba Municipio, Puerto Rico	-	36.4
0600000US7203717644	Chupacallos barrio, Ceiba Municipio, Puerto Rico	0	53.3
0600000US7203723019	Daguao barrio, Ceiba Municipio, Puerto Rico	2.3	22.4
0600000US7203732178	Guayacán barrio, Ceiba Municipio, Puerto Rico	0	-
0600000US7203748260	Machos barrio, Ceiba Municipio, Puerto Rico	0	25.4
0600000US7203767825	Quebrada Seca barrio, Ceiba Municipio, Puerto Rico	0.3	46.5
0600000US7203769846	Río Abajo barrio, Ceiba Municipio, Puerto Rico	4.3	28.6
0600000US7203774490	Saco barrio, Ceiba Municipio, Puerto Rico	3.8	43.7
0600000US7203917730	Ciales barrio-pueblo, Ciales Municipio, Puerto Rico	4.6	60.8
0600000US7203917816	Cialitos barrio, Ciales Municipio, Puerto Rico	0	71.3
0600000US7203920568	Cordillera barrio, Ciales Municipio, Puerto Rico	0	60.5
0600000US7203929684	Frontón barrio, Ciales Municipio, Puerto Rico	0	62.1
0600000US7203934285	Hato Viejo barrio, Ciales Municipio, Puerto Rico	0.3	55.9
0600000US7203937338	Jaguas barrio, Ciales Municipio, Puerto Rico	0	57.3
0600000US7203961375	Pesas barrio, Ciales Municipio, Puerto Rico	0.5	37.7
0600000US7203964170	Pozas barrio, Ciales Municipio, Puerto Rico	0	65.7
0600000US7203982961	Toro Negro barrio, Ciales Municipio, Puerto Rico	0	56.1
0600000US7204103755	Arenas barrio, Cidra Municipio, Puerto Rico	0	26
0600000US7204106722	Bayamón barrio, Cidra Municipio, Puerto Rico	0.4	28.3
0600000US7204107281	Beatriz barrio, Cidra Municipio, Puerto Rico	2	45.4
0600000US7204116010	Ceiba barrio, Cidra Municipio, Puerto Rico	1.2	49.5
0600000US7204117417	Certenejas barrio, Cidra Municipio, Puerto Rico	0.2	19.5
0600000US7204118117	Cidra barrio-pueblo, Cidra Municipio, Puerto Rico	2.6	48.9
0600000US7204134930	Honduras barrio, Cidra Municipio, Puerto Rico	0	50.6
0600000US7204154495	Monte Llano barrio, Cidra Municipio, Puerto Rico	1	47
0600000US7204168341	Rabanal barrio, Cidra Municipio, Puerto Rico	0	30.5
0600000US7204169502	Rincón barrio, Cidra Municipio, Puerto Rico	0	43.3
0600000US7204169889	Río Abajo barrio, Cidra Municipio, Puerto Rico	0.6	37.3
0600000US7204175006	Salto barrio, Cidra Municipio, Puerto Rico	1.3	83.3
0600000US7204180725	Sud barrio, Cidra Municipio, Puerto Rico	0	43.5
0600000US7204182789	Toíta barrio, Cidra Municipio, Puerto Rico	0	52.7
0600000US7204318762	Coamo barrio-pueblo, Coamo Municipio, Puerto Rico	0	61.2
0600000US7204318848	Coamo Arriba barrio, Coamo Municipio, Puerto Rico	1.1	47.9
0600000US7204322933	Cuyón barrio, Coamo Municipio, Puerto Rico	0	56.3
0600000US7204334371	Hayales barrio, Coamo Municipio, Puerto Rico	0.6	42.3
0600000US7204347056	Los Llanos barrio, Coamo Municipio, Puerto Rico	0	45.1
0600000US7204358021	Palmarejo barrio, Coamo Municipio, Puerto Rico	1.3	33.5
0600000US7204360085	Pasto barrio, Coamo Municipio, Puerto Rico	1.2	58.5
0600000US7204360687	Pedro García barrio, Coamo Municipio, Puerto Rico	0	35.4
0600000US7204366062	Pulguillas barrio, Coamo Municipio, Puerto Rico	0	46.4
0600000US7204376253	San Ildefonso barrio, Coamo Municipio, Puerto Rico	3.1	38.9
0600000US7204377801	Santa Catalina barrio, Coamo Municipio, Puerto Rico	0.4	60.1
0600000US7204515666	Cedrito barrio, Comerío Municipio, Puerto Rico	0	44.6
0600000US7204516397	Cejas barrio, Comerío Municipio, Puerto Rico	0	46.7
0600000US7204519708	Comerío barrio-pueblo, Comerío Municipio, Puerto Rico	0	69.1
0600000US7204523879	Doña Elena barrio, Comerío Municipio, Puerto Rico	0.1	56.6
0600000US7204556301	Naranjo barrio, Comerío Municipio, Puerto Rico	0	54.3
0600000US7204559010	Palomas barrio, Comerío Municipio, Puerto Rico	0.9	51.4
0600000US7204562020	Piñas barrio, Comerío Municipio, Puerto Rico	0	48.9
0600000US7204571265	Río Hondo barrio, Comerío Municipio, Puerto Rico	0	63.2
0600000US7204585412	Vega Redonda barrio, Comerío Municipio, Puerto Rico	0	36.9
0600000US7204700143	Abras barrio, Corozal Municipio, Puerto Rico	0	47.2
0600000US7204717945	Cibuco barrio, Corozal Municipio, Puerto Rico	0	49.7
0600000US7204720826	Corozal barrio-pueblo, Corozal Municipio, Puerto Rico	2.2	60.3
0600000US7204722288	Cuchillas barrio, Corozal Municipio, Puerto Rico	0	60.8
0600000US7204724094	Dos Bocas barrio, Corozal Municipio, Puerto Rico	0	53.9
0600000US7204748905	Magueyes barrio, Corozal Municipio, Puerto Rico	0	80.7
0600000US7204750066	Maná barrio, Corozal Municipio, Puerto Rico	0	76.7
0600000US7204756516	Negros barrio, Corozal Municipio, Puerto Rico	0	64.8
0600000US7204757677	Padilla barrio, Corozal Municipio, Puerto Rico	0	48.4
0600000US7204758107	Palmarejo barrio, Corozal Municipio, Puerto Rico	1.1	41.1
0600000US7204758322	Palmarito barrio, Corozal Municipio, Puerto Rico	0	51.9
0600000US7204759096	Palos Blancos barrio, Corozal Municipio, Puerto Rico	0	59.8
0600000US7204764557	Pueblo barrio, Corozal Municipio, Puerto Rico	0.3	58.3
0600000US7204922632	Culebra barrio-pueblo, Culebra Municipio, Puerto Rico	0.4	37.3
0600000US7204928566	Flamenco barrio, Culebra Municipio, Puerto Rico	2.5	47.2
0600000US7204929426	Fraile barrio, Culebra Municipio, Puerto Rico	0	-
0600000US7204963396	Playa Sardinas I barrio, Culebra Municipio, Puerto Rico	0	40
0600000US7204963439	Playa Sardinas II barrio, Culebra Municipio, Puerto Rico	0	0
0600000US7204976382	San Isidro barrio, Culebra Municipio, Puerto Rico	0	0
0600000US7205100000	Municipio subdivision not defined, Dorado Municipio, Puerto Rico	0	-
0600000US7205124051	Dorado barrio-pueblo, Dorado Municipio, Puerto Rico	-	51.8
0600000US7205127448	Espinosa barrio, Dorado Municipio, Puerto Rico	0.2	35.3
0600000US7205134758	Higuillar barrio, Dorado Municipio, Puerto Rico	0.7	26.3
0600000US7205148819	Maguayo barrio, Dorado Municipio, Puerto Rico	2.5	43
0600000US7205149808	Mameyal barrio, Dorado Municipio, Puerto Rico	0.8	-
0600000US7205171480	Río Lajas barrio, Dorado Municipio, Puerto Rico	-	31.5
0600000US7205309732	Cabezas barrio, Fajardo Municipio, Puerto Rico	0.6	18.3
0600000US7205323406	Demajagua barrio, Fajardo Municipio, Puerto Rico	3.5	12.6
0600000US7205328007	Fajardo barrio-pueblo, Fajardo Municipio, Puerto Rico	3.3	53
0600000US7205328695	Florencio barrio, Fajardo Municipio, Puerto Rico	1.3	49.1
0600000US7205356344	Naranjo barrio, Fajardo Municipio, Puerto Rico	0.6	0
0600000US7205367223	Quebrada Fajardo barrio, Fajardo Municipio, Puerto Rico	0	26.8
0600000US7205367868	Quebrada Vueltas barrio, Fajardo Municipio, Puerto Rico	2.4	49.5
0600000US7205370233	Río Arriba barrio, Fajardo Municipio, Puerto Rico	0.3	37.3
0600000US7205379779	Sardinera barrio, Fajardo Municipio, Puerto Rico	0	10.8
0600000US7205428996	Florida Adentro barrio, Florida Municipio, Puerto Rico	3.3	53.9
0600000US7205500000	Municipio subdivision not defined, Guánica Municipio, Puerto Rico	1.8	-
0600000US7205503454	Arena barrio, Guánica Municipio, Puerto Rico	-	100
0600000US7205512785	Caño barrio, Guánica Municipio, Puerto Rico	0	49.9
0600000US7205514032	Carenero barrio, Guánica Municipio, Puerto Rico	0.7	51
0600000US7205518246	Ciénaga barrio, Guánica Municipio, Puerto Rico	0	59.9
0600000US7205526760	Ensenada barrio, Guánica Municipio, Puerto Rico	0	42.6
0600000US7205531232	Guánica barrio-pueblo, Guánica Municipio, Puerto Rico	0	61.7
0600000US7205554022	Montalva barrio, Guánica Municipio, Puerto Rico	1.1	52.9
0600000US7205581112	Susúa Baja barrio, Guánica Municipio, Puerto Rico	0.8	66.1
0600000US7205700000	Municipio subdivision not defined, Guayama Municipio, Puerto Rico	0	-
0600000US7205701691	Algarrobo barrio, Guayama Municipio, Puerto Rico	-	26
0600000US7205710549	Caimital barrio, Guayama Municipio, Puerto Rico	1.2	30.8
0600000US7205714075	Carite barrio, Guayama Municipio, Puerto Rico	0.2	41
0600000US7205714161	Carmen barrio, Guayama Municipio, Puerto Rico	0	71.8
0600000US7205730845	Guamaní barrio, Guayama Municipio, Puerto Rico	0	40.1
0600000US7205732264	Guayama barrio-pueblo, Guayama Municipio, Puerto Rico	1.4	47.6
0600000US7205738714	Jobos barrio, Guayama Municipio, Puerto Rico	1	51.7
0600000US7205748217	Machete barrio, Guayama Municipio, Puerto Rico	0.9	48.2
0600000US7205758494	Palmas barrio, Guayama Municipio, Puerto Rico	0	43
0600000US7205764256	Pozo Hondo barrio, Guayama Municipio, Puerto Rico	0	73.3
0600000US7205900000	Municipio subdivision not defined, Guayanilla Municipio, Puerto Rico	2.7	-
0600000US7205905905	Barrero barrio, Guayanilla Municipio, Puerto Rico	-	49.6
0600000US7205907840	Boca barrio, Guayanilla Municipio, Puerto Rico	0	49.5
0600000US7205915795	Cedro barrio, Guayanilla Municipio, Puerto Rico	0	-
0600000US7205920052	Consejo barrio, Guayanilla Municipio, Puerto Rico	-	48.1
0600000US7205932350	Guayanilla barrio-pueblo, Guayanilla Municipio, Puerto Rico	0	35.7
0600000US7205936220	Indios barrio, Guayanilla Municipio, Puerto Rico	0.4	45.5
0600000US7205937252	Jagua Pasto barrio, Guayanilla Municipio, Puerto Rico	0	83.3
0600000US7205937381	Jaguas barrio, Guayanilla Municipio, Puerto Rico	0	65.7
0600000US7205945852	Llano barrio, Guayanilla Municipio, Puerto Rico	0	67.9
0600000US7205948088	Macaná barrio, Guayanilla Municipio, Puerto Rico	0	46.3
0600000US7205948518	Magas barrio, Guayanilla Municipio, Puerto Rico	0.1	51
0600000US7205960128	Pasto barrio, Guayanilla Municipio, Puerto Rico	0	90
0600000US7205962708	Playa barrio, Guayanilla Municipio, Puerto Rico	0	62.8
0600000US7205967438	Quebrada Honda barrio, Guayanilla Municipio, Puerto Rico	0	33.3
0600000US7205967696	Quebradas barrio, Guayanilla Municipio, Puerto Rico	0	50.4
0600000US7205972813	Rufina barrio, Guayanilla Municipio, Puerto Rico	1.5	74.2
0600000US7205980209	Sierra Baja barrio, Guayanilla Municipio, Puerto Rico	0	51.6
0600000US7206111280	Camarones barrio, Guaynabo Municipio, Puerto Rico	0	41.1
0600000US7206129469	Frailes barrio, Guaynabo Municipio, Puerto Rico	1.4	18.7
0600000US7206131490	Guaraguao barrio, Guaynabo Municipio, Puerto Rico	8.2	48.7
0600000US7206132565	Guaynabo barrio-pueblo, Guaynabo Municipio, Puerto Rico	0	30
0600000US7206133726	Hato Nuevo barrio, Guaynabo Municipio, Puerto Rico	5.5	32.4
0600000US7206149593	Mamey barrio, Guaynabo Municipio, Puerto Rico	2.2	28.4
0600000US7206165073	Pueblo Viejo barrio, Guaynabo Municipio, Puerto Rico	0.5	22.7
0600000US7206169717	Río barrio, Guaynabo Municipio, Puerto Rico	9.1	24.6
0600000US7206179048	Santa Rosa barrio, Guaynabo Municipio, Puerto Rico	4.5	14.7
0600000US7206180510	Sonadora barrio, Guaynabo Municipio, Puerto Rico	5.3	41.3
0600000US7206316483	Celada barrio, Gurabo Municipio, Puerto Rico	1.3	41.5
0600000US7206332866	Gurabo barrio-pueblo, Gurabo Municipio, Puerto Rico	1.5	59.9
0600000US7206333769	Hato Nuevo barrio, Gurabo Municipio, Puerto Rico	1.5	43.5
0600000US7206337295	Jaguar barrio, Gurabo Municipio, Puerto Rico	0.4	25.5
0600000US7206337424	Jaguas barrio, Gurabo Municipio, Puerto Rico	11.1	43.5
0600000US7206349636	Mamey barrio, Gurabo Municipio, Puerto Rico	0.9	30.5
0600000US7206351786	Masa barrio, Gurabo Municipio, Puerto Rico	1.7	55.4
0600000US7206356473	Navarro barrio, Gurabo Municipio, Puerto Rico	0.4	14.1
0600000US7206367524	Quebrada Infierno barrio, Gurabo Municipio, Puerto Rico	1.1	34.8
0600000US7206369545	Rincón barrio, Gurabo Municipio, Puerto Rico	1.5	26.8
0600000US7206500000	Municipio subdivision not defined, Hatillo Municipio, Puerto Rico	1.5	-
0600000US7206501347	Aibonito barrio, Hatillo Municipio, Puerto Rico	-	42.9
0600000US7206507066	Bayaney barrio, Hatillo Municipio, Puerto Rico	0	57.7
0600000US7206509216	Buena Vista barrio, Hatillo Municipio, Puerto Rico	0.4	45.6
0600000US7206511624	Campo Alegre barrio, Hatillo Municipio, Puerto Rico	0	45.9
0600000US7206513688	Capáez barrio, Hatillo Municipio, Puerto Rico	1.2	54
0600000US7206514677	Carrizales barrio, Hatillo Municipio, Puerto Rico	0.4	40
0600000US7206520525	Corcovado barrio, Hatillo Municipio, Puerto Rico	0.6	38.5
0600000US7206533339	Hatillo barrio, Hatillo Municipio, Puerto Rico	1.9	42.4
0600000US7206533382	Hatillo barrio-pueblo, Hatillo Municipio, Puerto Rico	1.5	51.8
0600000US7206556086	Naranjito barrio, Hatillo Municipio, Puerto Rico	4.6	41.9
0600000US7206707453	Benavente barrio, Hormigueros Municipio, Puerto Rico	0.3	0
0600000US7206731060	Guanajibo barrio, Hormigueros Municipio, Puerto Rico	0	30.2
0600000US7206735075	Hormigueros barrio, Hormigueros Municipio, Puerto Rico	2.3	28.4
0600000US7206735102	Hormigueros barrio-pueblo, Hormigueros Municipio, Puerto Rico	1.4	27.4
0600000US7206737768	Jaguitas barrio, Hormigueros Municipio, Puerto Rico	0	33
0600000US7206745035	Lavadero barrio, Hormigueros Municipio, Puerto Rico	0	30
0600000US7206900000	Municipio subdivision not defined, Humacao Municipio, Puerto Rico	0	-
0600000US7206903239	Antón Ruíz barrio, Humacao Municipio, Puerto Rico	-	43.2
0600000US7206909302	Buena Vista barrio, Humacao Municipio, Puerto Rico	0.5	45.8
0600000US7206912570	Candelero Abajo barrio, Humacao Municipio, Puerto Rico	0.4	23.1
0600000US7206912656	Candelero Arriba barrio, Humacao Municipio, Puerto Rico	3.7	43
0600000US7206915279	Cataño barrio, Humacao Municipio, Puerto Rico	0.4	42.6
0600000US7206919106	Collores barrio, Humacao Municipio, Puerto Rico	1.6	27.2
0600000US7206935575	Humacao barrio-pueblo, Humacao Municipio, Puerto Rico	1.2	39.5
0600000US7206948002	Mabú barrio, Humacao Municipio, Puerto Rico	3.5	42.3
0600000US7206949507	Mambiche barrio, Humacao Municipio, Puerto Rico	0	48.6
0600000US7206950883	Mariana barrio, Humacao Municipio, Puerto Rico	0	43.9
0600000US7206966535	Punta Santiago barrio, Humacao Municipio, Puerto Rico	0.9	41.5
0600000US7206969975	Río Abajo barrio, Humacao Municipio, Puerto Rico	0.3	36.3
0600000US7206981800	Tejas barrio, Humacao Municipio, Puerto Rico	1.6	35.6
0600000US7207100000	Municipio subdivision not defined, Isabela Municipio, Puerto Rico	3.1	-
0600000US7207103669	Arenales Altos barrio, Isabela Municipio, Puerto Rico	-	73.8
0600000US7207103712	Arenales Bajos barrio, Isabela Municipio, Puerto Rico	0.8	54.6
0600000US7207104805	Bajura barrio, Isabela Municipio, Puerto Rico	0	44.6
0600000US7207107324	Bejucos barrio, Isabela Municipio, Puerto Rico	0	48.4
0600000US7207121084	Coto barrio, Isabela Municipio, Puerto Rico	0	53.4
0600000US7207129899	Galateo Alto barrio, Isabela Municipio, Puerto Rico	0.9	73
0600000US7207129985	Galateo Bajo barrio, Isabela Municipio, Puerto Rico	0	58
0600000US7207132092	Guayabos barrio, Isabela Municipio, Puerto Rico	0	66.8
0600000US7207132737	Guerrero barrio, Isabela Municipio, Puerto Rico	3.2	52.8
0600000US7207136521	Isabela barrio-pueblo, Isabela Municipio, Puerto Rico	1.6	49.9
0600000US7207138757	Jobos barrio, Isabela Municipio, Puerto Rico	0.8	53.4
0600000US7207145809	Llanadas barrio, Isabela Municipio, Puerto Rico	1.2	62.2
0600000US7207154925	Mora barrio, Isabela Municipio, Puerto Rico	0	42.4
0600000US7207162407	Planas barrio, Isabela Municipio, Puerto Rico	1.3	71.8
0600000US7207318676	Coabey barrio, Jayuya Municipio, Puerto Rico	1.6	45.5
0600000US7207319192	Collores barrio, Jayuya Municipio, Puerto Rico	0	20.6
0600000US7207338198	Jauca barrio, Jayuya Municipio, Puerto Rico	0	14.6
0600000US7207338413	Jayuya barrio-pueblo, Jayuya Municipio, Puerto Rico	3.3	62
0600000US7207338542	Jayuya Abajo barrio, Jayuya Municipio, Puerto Rico	0	33.5
0600000US7207349937	Mameyes Arriba barrio, Jayuya Municipio, Puerto Rico	0.5	75.5
0600000US7207361461	Pica barrio, Jayuya Municipio, Puerto Rico	0	65.1
0600000US7207371007	Río Grande barrio, Jayuya Municipio, Puerto Rico	0	49.7
0600000US7207374748	Saliente barrio, Jayuya Municipio, Puerto Rico	0	63.9
0600000US7207385670	Veguitas barrio, Jayuya Municipio, Puerto Rico	0	52.5
0600000US7207388465	Zamas barrio, Jayuya Municipio, Puerto Rico	0	64.5
0600000US7207500000	Municipio subdivision not defined, Juana Díaz Municipio, Puerto Rico	0	-
0600000US7207502551	Amuelas barrio, Juana Díaz Municipio, Puerto Rico	-	46.9
0600000US7207510979	Callabo barrio, Juana Díaz Municipio, Puerto Rico	0.7	37.4
0600000US7207513903	Capitanejo barrio, Juana Díaz Municipio, Puerto Rico	2.4	53.5
0600000US7207518504	Cintrona barrio, Juana Díaz Municipio, Puerto Rico	0	50.2
0600000US7207519278	Collores barrio, Juana Díaz Municipio, Puerto Rico	0	54.9
0600000US7207526588	Emajagual barrio, Juana Díaz Municipio, Puerto Rico	0.5	-
0600000US7207531920	Guayabal barrio, Juana Díaz Municipio, Puerto Rico	-	61.9
0600000US7207536994	Jacaguas barrio, Juana Díaz Municipio, Puerto Rico	0.2	52.3
0600000US7207539015	Juana Díaz barrio-pueblo, Juana Díaz Municipio, Puerto Rico	0.6	40.9
0600000US7207546712	Lomas barrio, Juana Díaz Municipio, Puerto Rico	1.4	35.5
0600000US7207570749	Río Cañas Abajo barrio, Juana Díaz Municipio, Puerto Rico	0	37.8
0600000US7207570835	Río Cañas Arriba barrio, Juana Díaz Municipio, Puerto Rico	0.6	72.4
0600000US7207573845	Sabana Llana barrio, Juana Díaz Municipio, Puerto Rico	0	50.9
0600000US7207582316	Tijeras barrio, Juana Díaz Municipio, Puerto Rico	0.1	36.1
0600000US7207710678	Caimito barrio, Juncos Municipio, Puerto Rico	1.4	43.9
0600000US7207716311	Ceiba Norte barrio, Juncos Municipio, Puerto Rico	0.6	35.7
0600000US7207716354	Ceiba Sur barrio, Juncos Municipio, Puerto Rico	0.5	41.1
0600000US7207732952	Gurabo Abajo barrio, Juncos Municipio, Puerto Rico	0	44.7
0600000US7207732995	Gurabo Arriba barrio, Juncos Municipio, Puerto Rico	0	57.9
0600000US7207739617	Juncos barrio-pueblo, Juncos Municipio, Puerto Rico	0	46.3
0600000US7207745723	Lirios barrio, Juncos Municipio, Puerto Rico	4.7	54.8
0600000US7207749679	Mamey barrio, Juncos Municipio, Puerto Rico	0.3	26.3
0600000US7207784810	Valenciano Abajo barrio, Juncos Municipio, Puerto Rico	0	44
0600000US7207784853	Valenciano Arriba barrio, Juncos Municipio, Puerto Rico	1	29.1
0600000US7207900000	Municipio subdivision not defined, Lajas Municipio, Puerto Rico	0	-
0600000US7207912398	Candelaria barrio, Lajas Municipio, Puerto Rico	-	61.5
0600000US7207921041	Costa barrio, Lajas Municipio, Puerto Rico	0	45.7
0600000US7207940993	Lajas barrio, Lajas Municipio, Puerto Rico	2	38.1
0600000US7207941036	Lajas barrio-pueblo, Lajas Municipio, Puerto Rico	0.8	75.8
0600000US7207941165	Lajas Arriba barrio, Lajas Municipio, Puerto Rico	0	52.7
0600000US7207945981	Llanos barrio, Lajas Municipio, Puerto Rico	0.3	51.4
0600000US7207958193	Palmarejo barrio, Lajas Municipio, Puerto Rico	2.1	55.2
0600000US7207959526	Parguera barrio, Lajas Municipio, Puerto Rico	0	59.1
0600000US7207959569	París barrio, Lajas Municipio, Puerto Rico	0	52.9
0600000US7207962579	Plata barrio, Lajas Municipio, Puerto Rico	0	75.8
0600000US7207974318	Sabana Yeguas barrio, Lajas Municipio, Puerto Rico	0	35.6
0600000US7207979091	Santa Rosa barrio, Lajas Municipio, Puerto Rico	3.2	40.1
0600000US7208106378	Bartolo barrio, Lares Municipio, Puerto Rico	0	56.9
0600000US7208109517	Buenos Aires barrio, Lares Municipio, Puerto Rico	0	58.2
0600000US7208111022	Callejones barrio, Lares Municipio, Puerto Rico	0	53.9
0600000US7208127319	Espino barrio, Lares Municipio, Puerto Rico	1.1	45.9
0600000US7208142541	Lares barrio, Lares Municipio, Puerto Rico	0	65.5
0600000US7208142584	Lares barrio-pueblo, Lares Municipio, Puerto Rico	0	56.8
0600000US7208144777	La Torre barrio, Lares Municipio, Puerto Rico	0	54.8
0600000US7208153721	Mirasol barrio, Lares Municipio, Puerto Rico	1.3	55.6
0600000US7208161418	Pezuela barrio, Lares Municipio, Puerto Rico	0	100
0600000US7208161848	Piletas barrio, Lares Municipio, Puerto Rico	0	66.7
0600000US7208164600	Pueblo barrio, Lares Municipio, Puerto Rico	0.7	51.6
0600000US7208171609	Río Prieto barrio, Lares Municipio, Puerto Rico	2.6	96.2
0600000US7208302379	Alto Sano barrio, Las Marías Municipio, Puerto Rico	0	67.9
0600000US7208303110	Anones barrio, Las Marías Municipio, Puerto Rico	0	63.5
0600000US7208308829	Bucarabones barrio, Las Marías Municipio, Puerto Rico	0	41.6
0600000US7208309345	Buena Vista barrio, Las Marías Municipio, Puerto Rico	0	47.9
0600000US7208317386	Cerrote barrio, Las Marías Municipio, Puerto Rico	2.8	60.3
0600000US7208317472	Chamorro barrio, Las Marías Municipio, Puerto Rico	3.2	54.5
0600000US7208327362	Espino barrio, Las Marías Municipio, Puerto Rico	0	50.9
0600000US7208329770	Furnias barrio, Las Marías Municipio, Puerto Rico	0	54.5
0600000US7208343831	Las Marías barrio-pueblo, Las Marías Municipio, Puerto Rico	0	50.8
0600000US7208350539	Maravilla Este barrio, Las Marías Municipio, Puerto Rico	0	48.8
0600000US7208350582	Maravilla Norte barrio, Las Marías Municipio, Puerto Rico	0	31
0600000US7208350600	Maravilla Sur barrio, Las Marías Municipio, Puerto Rico	0	53.9
0600000US7208355957	Naranjales barrio, Las Marías Municipio, Puerto Rico	1.1	42.7
0600000US7208357892	Palma Escrita barrio, Las Marías Municipio, Puerto Rico	0	51.4
0600000US7208366621	Purísima Concepción barrio, Las Marías Municipio, Puerto Rico	4	69.5
0600000US7208370663	Río Cañas barrio, Las Marías Municipio, Puerto Rico	0	35.1
0600000US7208508141	Boquerón barrio, Las Piedras Municipio, Puerto Rico	0	54.9
0600000US7208516096	Ceiba barrio, Las Piedras Municipio, Puerto Rico	0	43
0600000US7208519321	Collores barrio, Las Piedras Municipio, Puerto Rico	0	42.9
0600000US7208526158	El Río barrio, Las Piedras Municipio, Puerto Rico	0	49.2
0600000US7208544433	Las Piedras barrio-pueblo, Las Piedras Municipio, Puerto Rico	1.1	68.1
0600000US7208554710	Montones barrio, Las Piedras Municipio, Puerto Rico	0	41.5
0600000US7208566793	Quebrada Arenas barrio, Las Piedras Municipio, Puerto Rico	0	46.7
0600000US7208581843	Tejas barrio, Las Piedras Municipio, Puerto Rico	0	37.3
0600000US7208700000	Municipio subdivision not defined, Loíza Municipio, Puerto Rico	1.6	-
0600000US7208713043	Canóvanas barrio, Loíza Municipio, Puerto Rico	-	23.5
0600000US7208746411	Loíza barrio-pueblo, Loíza Municipio, Puerto Rico	2.6	58.7
0600000US7208752732	Medianía Alta barrio, Loíza Municipio, Puerto Rico	1.6	47.8
0600000US7208752775	Medianía Baja barrio, Loíza Municipio, Puerto Rico	2.5	49.1
0600000US7208783090	Torrecilla Alta barrio, Loíza Municipio, Puerto Rico	0.7	-
0600000US7208783133	Torrecilla Baja barrio, Loíza Municipio, Puerto Rico	-	36.7
0600000US7208900000	Municipio subdivision not defined, Luquillo Municipio, Puerto Rico	1.4	-
0600000US7208939316	Juan Martín barrio, Luquillo Municipio, Puerto Rico	-	31.2
0600000US7208947830	Luquillo barrio-pueblo, Luquillo Municipio, Puerto Rico	0	43.7
0600000US7208949980	Mameyes I barrio, Luquillo Municipio, Puerto Rico	1.7	58.9
0600000US7208951872	Mata de Plátano barrio, Luquillo Municipio, Puerto Rico	1	36.3
0600000US7208962364	Pitahaya barrio, Luquillo Municipio, Puerto Rico	2.7	41.6
0600000US7208973071	Sabana barrio, Luquillo Municipio, Puerto Rico	1.3	52.2
0600000US7209100000	Municipio subdivision not defined, Manatí Municipio, Puerto Rico	1.4	-
0600000US7209104873	Bajura Adentro barrio, Manatí Municipio, Puerto Rico	-	50.1
0600000US7209104916	Bajura Afuera barrio, Manatí Municipio, Puerto Rico	5.1	16.7
0600000US7209121342	Coto Norte barrio, Manatí Municipio, Puerto Rico	0	39.6
0600000US7209121471	Coto Sur barrio, Manatí Municipio, Puerto Rico	0.4	39.6
0600000US7209150195	Manatí barrio-pueblo, Manatí Municipio, Puerto Rico	0.1	56.2
0600000US7209170319	Río Arriba Poniente barrio, Manatí Municipio, Puerto Rico	0.5	50.9
0600000US7209170362	Río Arriba Saliente barrio, Manatí Municipio, Puerto Rico	0	39.2
0600000US7209182230	Tierras Nuevas Poniente barrio, Manatí Municipio, Puerto Rico	0	45.1
0600000US7209182273	Tierras Nuevas Saliente barrio, Manatí Municipio, Puerto Rico	0.4	35.7
0600000US7209308872	Bucarabones barrio, Maricao Municipio, Puerto Rico	0.6	-
0600000US7209336091	Indiera Alta barrio, Maricao Municipio, Puerto Rico	-	88.1
0600000US7209336134	Indiera Baja barrio, Maricao Municipio, Puerto Rico	0	50
0600000US7209336156	Indiera Fría barrio, Maricao Municipio, Puerto Rico	3.6	81.4
0600000US7209351313	Maricao barrio-pueblo, Maricao Municipio, Puerto Rico	0	41
0600000US7209351399	Maricao Afuera barrio, Maricao Municipio, Puerto Rico	0	46.4
0600000US7209354753	Montoso barrio, Maricao Municipio, Puerto Rico	0	84.1
0600000US7209500000	Municipio subdivision not defined, Maunabo Municipio, Puerto Rico	0	-
0600000US7209511108	Calzada barrio, Maunabo Municipio, Puerto Rico	-	35.2
0600000US7209526545	Emajagua barrio, Maunabo Municipio, Puerto Rico	0	45.5
0600000US7209545766	Lizas barrio, Maunabo Municipio, Puerto Rico	0	59.3
0600000US7209552173	Matuyas Alto barrio, Maunabo Municipio, Puerto Rico	0	87.8
0600000US7209552216	Matuyas Bajo barrio, Maunabo Municipio, Puerto Rico	0	55.4
0600000US7209552302	Maunabo barrio-pueblo, Maunabo Municipio, Puerto Rico	0	35.4
0600000US7209559182	Palo Seco barrio, Maunabo Municipio, Puerto Rico	1.6	61.3
0600000US7209566836	Quebrada Arenas barrio, Maunabo Municipio, Puerto Rico	0.4	50.9
0600000US7209581370	Talante barrio, Maunabo Municipio, Puerto Rico	0	58.4
0600000US7209583798	Tumbao barrio, Maunabo Municipio, Puerto Rico	0	52.8
0600000US7209700000	Municipio subdivision not defined, Mayagüez Municipio, Puerto Rico	0	-
0600000US7209701820	Algarrobos barrio, Mayagüez Municipio, Puerto Rico	-	23.6
0600000US7209706464	Bateyes barrio, Mayagüez Municipio, Puerto Rico	2.4	47.9
0600000US7209731103	Guanajibo barrio, Mayagüez Municipio, Puerto Rico	1.5	41.9
0600000US7209736650	Isla de Mona e Islote Monito barrio, Mayagüez Municipio, Puerto Rico	2.1	-
0600000US7209739101	Juan Alonso barrio, Mayagüez Municipio, Puerto Rico	0	31.5
0600000US7209745250	Leguísamo barrio, Mayagüez Municipio, Puerto Rico	3.8	45.7
0600000US7209745551	Limón barrio, Mayagüez Municipio, Puerto Rico	1.4	36.5
0600000US7209749378	Malezas barrio, Mayagüez Municipio, Puerto Rico	2	55.2
0600000US7209752474	Mayagüez barrio-pueblo, Mayagüez Municipio, Puerto Rico	0	67.4
0600000US7209752560	Mayagüez Arriba barrio, Mayagüez Municipio, Puerto Rico	2.4	43.2
0600000US7209753420	Miradero barrio, Mayagüez Municipio, Puerto Rico	3	20.1
0600000US7209754796	Montoso barrio, Mayagüez Municipio, Puerto Rico	4.5	56.3
0600000US7209756000	Naranjales barrio, Mayagüez Municipio, Puerto Rico	2.9	55.9
0600000US7209767352	Quebrada Grande barrio, Mayagüez Municipio, Puerto Rico	0	40
0600000US7209768126	Quemado barrio, Mayagüez Municipio, Puerto Rico	0.3	38.4
0600000US7209770792	Río Cañas Abajo barrio, Mayagüez Municipio, Puerto Rico	2.1	18.5
0600000US7209770878	Río Cañas Arriba barrio, Mayagüez Municipio, Puerto Rico	3.6	51.1
0600000US7209771308	Río Hondo barrio, Mayagüez Municipio, Puerto Rico	0	42
0600000US7209772340	Rosario barrio, Mayagüez Municipio, Puerto Rico	1.2	49.3
0600000US7209772899	Sábalos barrio, Mayagüez Municipio, Puerto Rico	1.2	47.5
0600000US7209774361	Sabanetas barrio, Mayagüez Municipio, Puerto Rico	0.9	48.2
0600000US7209900229	Aceitunas barrio, Moca Municipio, Puerto Rico	1.9	47.1
0600000US7209913602	Capá barrio, Moca Municipio, Puerto Rico	0.4	42
0600000US7209916698	Centro barrio, Moca Municipio, Puerto Rico	0.6	41.5
0600000US7209917257	Cerro Gordo barrio, Moca Municipio, Puerto Rico	1.1	60.2
0600000US7209921858	Cruz barrio, Moca Municipio, Puerto Rico	0	57.5
0600000US7209922331	Cuchillas barrio, Moca Municipio, Puerto Rico	0	58
0600000US7209951184	Marías barrio, Moca Municipio, Puerto Rico	0.2	57.9
0600000US7209953850	Moca barrio-pueblo, Moca Municipio, Puerto Rico	0	41.3
0600000US7209956387	Naranjo barrio, Moca Municipio, Puerto Rico	0	55.8
0600000US7209962622	Plata barrio, Moca Municipio, Puerto Rico	0	72
0600000US7209964643	Pueblo barrio, Moca Municipio, Puerto Rico	0	50.5
0600000US7209971953	Rocha barrio, Moca Municipio, Puerto Rico	0.3	52.5
0600000US7209987648	Voladoras barrio, Moca Municipio, Puerto Rico	0.8	45.8
0600000US7210105260	Barahona barrio, Morovis Municipio, Puerto Rico	0.3	56.9
0600000US7210122374	Cuchillas barrio, Morovis Municipio, Puerto Rico	0.7	70.7
0600000US7210129598	Fránquez barrio, Morovis Municipio, Puerto Rico	0	60.2
0600000US7210154538	Monte Llano barrio, Morovis Municipio, Puerto Rico	0.3	66.7
0600000US7210155140	Morovis barrio-pueblo, Morovis Municipio, Puerto Rico	0	63.5
0600000US7210155183	Morovis Norte barrio, Morovis Municipio, Puerto Rico	0.1	43.4
0600000US7210155226	Morovis Sud barrio, Morovis Municipio, Puerto Rico	0.8	42.1
0600000US7210160214	Pasto barrio, Morovis Municipio, Puerto Rico	0.8	60.3
0600000US7210161160	Perchas barrio, Morovis Municipio, Puerto Rico	0	50
0600000US7210171050	Río Grande barrio, Morovis Municipio, Puerto Rico	0	52.3
0600000US7210176984	San Lorenzo barrio, Morovis Municipio, Puerto Rico	0	74.9
0600000US7210183219	Torrecillas barrio, Morovis Municipio, Puerto Rico	0	54.8
0600000US7210183993	Unibón barrio, Morovis Municipio, Puerto Rico	0	53.3
0600000US7210184638	Vaga barrio, Morovis Municipio, Puerto Rico	0	75.6
0600000US7210300000	Municipio subdivision not defined, Naguabo Municipio, Puerto Rico	0	-
0600000US7210323105	Daguao barrio, Naguabo Municipio, Puerto Rico	-	46.8
0600000US7210324438	Duque barrio, Naguabo Municipio, Puerto Rico	0	44.6
0600000US7210335489	Húcares barrio, Naguabo Municipio, Puerto Rico	1.7	58.4
0600000US7210349163	Maizales barrio, Naguabo Municipio, Puerto Rico	0.3	46
0600000US7210350969	Mariana barrio, Naguabo Municipio, Puerto Rico	0	36.9
0600000US7210355871	Naguabo barrio-pueblo, Naguabo Municipio, Puerto Rico	3.7	77.6
0600000US7210360988	Peña Pobre barrio, Naguabo Municipio, Puerto Rico	0	47.2
0600000US7210369803	Río barrio, Naguabo Municipio, Puerto Rico	0.7	44.6
0600000US7210370491	Río Blanco barrio, Naguabo Municipio, Puerto Rico	0.2	31.8
0600000US7210379521	Santiago y Lima barrio, Naguabo Municipio, Puerto Rico	0	68.6
0600000US7210500315	Achiote barrio, Naranjito Municipio, Puerto Rico	2.3	51.6
0600000US7210503153	Anones barrio, Naranjito Municipio, Puerto Rico	2.4	66
0600000US7210515838	Cedro Abajo barrio, Naranjito Municipio, Puerto Rico	0	54.5
0600000US7210515881	Cedro Arriba barrio, Naranjito Municipio, Puerto Rico	0	46.2
0600000US7210530673	Guadiana barrio, Naranjito Municipio, Puerto Rico	2	48
0600000US7210546755	Lomas barrio, Naranjito Municipio, Puerto Rico	0.1	54.9
0600000US7210556172	Naranjito barrio-pueblo, Naranjito Municipio, Puerto Rico	0.5	67.3
0600000US7210556817	Nuevo barrio, Naranjito Municipio, Puerto Rico	0	46.7
0600000US7210701433	Ala de la Piedra barrio, Orocovis Municipio, Puerto Rico	0	88.2
0600000US7210706335	Barros barrio, Orocovis Municipio, Puerto Rico	0	61.4
0600000US7210706507	Bauta Abajo barrio, Orocovis Municipio, Puerto Rico	2.1	64.9
0600000US7210706550	Bauta Arriba barrio, Orocovis Municipio, Puerto Rico	0	34.1
0600000US7210707625	Bermejales barrio, Orocovis Municipio, Puerto Rico	4.9	73.9
0600000US7210708614	Botijas barrio, Orocovis Municipio, Puerto Rico	14.6	60.1
0600000US7210710205	Cacaos barrio, Orocovis Municipio, Puerto Rico	1.1	83
0600000US7210719364	Collores barrio, Orocovis Municipio, Puerto Rico	0	82.5
0600000US7210723234	Damián Abajo barrio, Orocovis Municipio, Puerto Rico	0	38.6
0600000US7210723277	Damián Arriba barrio, Orocovis Municipio, Puerto Rico	0	41.9
0600000US7210730501	Gato barrio, Orocovis Municipio, Puerto Rico	0	54.2
0600000US7210751829	Mata de Cañas barrio, Orocovis Municipio, Puerto Rico	0	65
0600000US7210757333	Orocovis barrio, Orocovis Municipio, Puerto Rico	0	57.6
0600000US7210757376	Orocovis barrio-pueblo, Orocovis Municipio, Puerto Rico	0.4	77.9
0600000US7210760816	Pellejas barrio, Orocovis Municipio, Puerto Rico	7.3	78
0600000US7210773114	Sabana barrio, Orocovis Municipio, Puerto Rico	0	36.2
0600000US7210775178	Saltos barrio, Orocovis Municipio, Puerto Rico	0	57.4
0600000US7210900000	Municipio subdivision not defined, Patillas Municipio, Puerto Rico	0	-
0600000US7210903282	Apeadero barrio, Patillas Municipio, Puerto Rico	-	84.4
0600000US7210904744	Bajo barrio, Patillas Municipio, Puerto Rico	0	50.9
0600000US7210910119	Cacao Alto barrio, Patillas Municipio, Puerto Rico	0	65.5
0600000US7210910162	Cacao Bajo barrio, Patillas Municipio, Puerto Rico	0	55.5
0600000US7210924481	Egozcue barrio, Patillas Municipio, Puerto Rico	0	0
0600000US7210931705	Guardarraya barrio, Patillas Municipio, Puerto Rico	0	44.4
0600000US7210936908	Jacaboa barrio, Patillas Municipio, Puerto Rico	1.6	45.5
0600000US7210937123	Jagual barrio, Patillas Municipio, Puerto Rico	0	64.5
0600000US7210949722	Mamey barrio, Patillas Municipio, Puerto Rico	0	47.8
0600000US7210951442	Marín barrio, Patillas Municipio, Puerto Rico	0	63.1
0600000US7210955484	Mulas barrio, Patillas Municipio, Puerto Rico	0	58.8
0600000US7210955699	Muñoz Rivera barrio, Patillas Municipio, Puerto Rico	0	41.5
0600000US7210960515	Patillas barrio-pueblo, Patillas Municipio, Puerto Rico	0	34.9
0600000US7210963740	Pollos barrio, Patillas Municipio, Puerto Rico	0.8	52.1
0600000US7210967094	Quebrada Arriba barrio, Patillas Municipio, Puerto Rico	0	51.8
0600000US7210971695	Ríos barrio, Patillas Municipio, Puerto Rico	0	72.8
0600000US7211100000	Municipio subdivision not defined, Peñuelas Municipio, Puerto Rico	0	-
0600000US7211105862	Barreal barrio, Peñuelas Municipio, Puerto Rico	-	100
0600000US7211121127	Coto barrio, Peñuelas Municipio, Puerto Rico	6.4	55
0600000US7211122460	Cuebas barrio, Peñuelas Municipio, Puerto Rico	0	55.9
0600000US7211126631	Encarnación barrio, Peñuelas Municipio, Puerto Rico	0	45.3
0600000US7211137510	Jaguas barrio, Peñuelas Municipio, Puerto Rico	2.3	41.9
0600000US7211148174	Macaná barrio, Peñuelas Municipio, Puerto Rico	0.2	52.4
0600000US7211161117	Peñuelas barrio-pueblo, Peñuelas Municipio, Puerto Rico	0	61.1
0600000US7211167137	Quebrada Ceiba barrio, Peñuelas Municipio, Puerto Rico	0.5	64.7
0600000US7211172770	Rucio barrio, Peñuelas Municipio, Puerto Rico	0	61.8
0600000US7211179607	Santo Domingo barrio, Peñuelas Municipio, Puerto Rico	0.9	60.3
0600000US7211181499	Tallaboa Alta barrio, Peñuelas Municipio, Puerto Rico	0.6	50.5
0600000US7211181585	Tallaboa Poniente barrio, Peñuelas Municipio, Puerto Rico	0.3	65.9
0600000US7211181628	Tallaboa Saliente barrio, Peñuelas Municipio, Puerto Rico	0	85.2
0600000US7211300000	Municipio subdivision not defined, Ponce Municipio, Puerto Rico	0	-
0600000US7211303067	Anón barrio, Ponce Municipio, Puerto Rico	-	66.4
0600000US7211308786	Bucaná barrio, Ponce Municipio, Puerto Rico	0.9	21.8
0600000US7211312312	Canas barrio, Ponce Municipio, Puerto Rico	2.8	48
0600000US7211312355	Canas Urbano barrio, Ponce Municipio, Puerto Rico	0.7	41
0600000US7211313946	Capitanejo barrio, Ponce Municipio, Puerto Rico	0.9	66.2
0600000US7211317042	Cerrillos barrio, Ponce Municipio, Puerto Rico	0	20.2
0600000US7211321256	Coto Laurel barrio, Ponce Municipio, Puerto Rico	4	37.1
0600000US7211321901	Cuarto barrio, Ponce Municipio, Puerto Rico	0.3	58
0600000US7211331576	Guaraguao barrio, Ponce Municipio, Puerto Rico	1.1	24.3
0600000US7211348389	Machuelo Abajo barrio, Ponce Municipio, Puerto Rico	0	46.5
0600000US7211348432	Machuelo Arriba barrio, Ponce Municipio, Puerto Rico	1	40.7
0600000US7211349034	Magueyes barrio, Ponce Municipio, Puerto Rico	0.9	30.1
0600000US7211349077	Magueyes Urbano barrio, Ponce Municipio, Puerto Rico	0.9	16.8
0600000US7211350453	Maragüez barrio, Ponce Municipio, Puerto Rico	0	53.6
0600000US7211351743	Marueño barrio, Ponce Municipio, Puerto Rico	0	74.1
0600000US7211354581	Monte Llano barrio, Ponce Municipio, Puerto Rico	1.1	45.1
0600000US7211362751	Playa barrio, Ponce Municipio, Puerto Rico	4.2	39.6
0600000US7211364041	Portugués barrio, Ponce Municipio, Puerto Rico	1.1	76.8
0600000US7211364084	Portugués Urbano barrio, Ponce Municipio, Puerto Rico	0	53.9
0600000US7211364299	Primero barrio, Ponce Municipio, Puerto Rico	0.8	71.5
0600000US7211367610	Quebrada Limón barrio, Ponce Municipio, Puerto Rico	0.2	49.6
0600000US7211368298	Quinto barrio, Ponce Municipio, Puerto Rico	1.4	50.7
0600000US7211368900	Real barrio, Ponce Municipio, Puerto Rico	2	43.2
0600000US7211374447	Sabanetas barrio, Ponce Municipio, Puerto Rico	0.9	44
0600000US7211375565	San Antón barrio, Ponce Municipio, Puerto Rico	0.3	43.4
0600000US7211377242	San Patricio barrio, Ponce Municipio, Puerto Rico	2.2	59.6
0600000US7211379908	Segundo barrio, Ponce Municipio, Puerto Rico	0	63
0600000US7211380080	Sexto barrio, Ponce Municipio, Puerto Rico	0.8	66.1
0600000US7211381929	Tercero barrio, Ponce Municipio, Puerto Rico	0.4	76.7
0600000US7211382058	Tibes barrio, Ponce Municipio, Puerto Rico	1.2	47.4
0600000US7211385068	Vayas barrio, Ponce Municipio, Puerto Rico	0	53.3
0600000US7211500000	Municipio subdivision not defined, Quebradillas Municipio, Puerto Rico	0	-
0600000US7211510076	Cacao barrio, Quebradillas Municipio, Puerto Rico	-	44
0600000US7211517515	Charcas barrio, Quebradillas Municipio, Puerto Rico	0.3	37.6
0600000US7211518934	Cocos barrio, Quebradillas Municipio, Puerto Rico	0	55.9
0600000US7211530716	Guajataca barrio, Quebradillas Municipio, Puerto Rico	1.2	69.3
0600000US7211568083	Quebradillas barrio-pueblo, Quebradillas Municipio, Puerto Rico	0	69.8
0600000US7211575823	San Antonio barrio, Quebradillas Municipio, Puerto Rico	0.4	62.9
0600000US7211576597	San José barrio, Quebradillas Municipio, Puerto Rico	0.7	44.3
0600000US7211581972	Terranova barrio, Quebradillas Municipio, Puerto Rico	0.6	51.1
0600000US7211700000	Municipio subdivision not defined, Rincón Municipio, Puerto Rico	0.6	-
0600000US7211704443	Atalaya barrio, Rincón Municipio, Puerto Rico	-	80.9
0600000US7211705948	Barrero barrio, Rincón Municipio, Puerto Rico	0	42
0600000US7211711065	Calvache barrio, Rincón Municipio, Puerto Rico	0	35.6
0600000US7211721815	Cruces barrio, Rincón Municipio, Puerto Rico	0	44
0600000US7211726846	Ensenada barrio, Rincón Municipio, Puerto Rico	0	29.6
0600000US7211737639	Jagüey barrio, Rincón Municipio, Puerto Rico	2.3	76.6
0600000US7211764686	Pueblo barrio, Rincón Municipio, Puerto Rico	1.1	53
0600000US7211766449	Puntas barrio, Rincón Municipio, Puerto Rico	0.8	24.6
0600000US7211769631	Rincón barrio-pueblo, Rincón Municipio, Puerto Rico	1.3	52.3
0600000US7211771093	Río Grande barrio, Rincón Municipio, Puerto Rico	0.1	30
0600000US7211900000	Municipio subdivision not defined, Río Grande Municipio, Puerto Rico	0.9	-
0600000US7211918289	Ciénaga Alta barrio, Río Grande Municipio, Puerto Rico	-	50.9
0600000US7211918332	Ciénaga Baja barrio, Río Grande Municipio, Puerto Rico	0.7	37.7
0600000US7211933081	Guzmán Abajo barrio, Río Grande Municipio, Puerto Rico	2	35.5
0600000US7211933124	Guzmán Arriba barrio, Río Grande Municipio, Puerto Rico	0.7	45.6
0600000US7211934543	Herreras barrio, Río Grande Municipio, Puerto Rico	0	48.3
0600000US7211938585	Jiménez barrio, Río Grande Municipio, Puerto Rico	0	18.6
0600000US7211950023	Mameyes II barrio, Río Grande Municipio, Puerto Rico	1.1	43.7
0600000US7211971179	Río Grande barrio-pueblo, Río Grande Municipio, Puerto Rico	1.3	48.7
0600000US7211988637	Zarzal barrio, Río Grande Municipio, Puerto Rico	1.3	33.1
0600000US7212148346	Machuchal barrio, Sabana Grande Municipio, Puerto Rico	0.9	50.5
0600000US7212168857	Rayo barrio, Sabana Grande Municipio, Puerto Rico	0.5	40.2
0600000US7212169674	Rincón barrio, Sabana Grande Municipio, Puerto Rico	0.4	44.2
0600000US7212173587	Sabana Grande barrio-pueblo, Sabana Grande Municipio, Puerto Rico	0	53.1
0600000US7212178747	Santana barrio, Sabana Grande Municipio, Puerto Rico	2	39.7
0600000US7212181026	Susúa barrio, Sabana Grande Municipio, Puerto Rico	1.3	56.8
0600000US7212181327	Tabonuco barrio, Sabana Grande Municipio, Puerto Rico	1.3	46.9
0600000US7212183004	Torre barrio, Sabana Grande Municipio, Puerto Rico	0	68
0600000US7212300000	Municipio subdivision not defined, Salinas Municipio, Puerto Rico	0	-
0600000US7212301175	Aguirre barrio, Salinas Municipio, Puerto Rico	-	53.7
0600000US7212341681	Lapa barrio, Salinas Municipio, Puerto Rico	0.3	60.1
0600000US7212358537	Palmas barrio, Salinas Municipio, Puerto Rico	0.4	77.1
0600000US7212367911	Quebrada Yeguas barrio, Salinas Municipio, Puerto Rico	0	49.2
0600000US7212371394	Río Jueyes barrio, Salinas Municipio, Puerto Rico	0.6	65.4
0600000US7212374920	Salinas barrio-pueblo, Salinas Municipio, Puerto Rico	0	58.9
0600000US7212502852	Ancones barrio, San Germán Municipio, Puerto Rico	0.9	29.2
0600000US7212510807	Caín Alto barrio, San Germán Municipio, Puerto Rico	0.4	57.8
0600000US7212510850	Caín Bajo barrio, San Germán Municipio, Puerto Rico	0.3	46.1
0600000US7212521514	Cotuí barrio, San Germán Municipio, Puerto Rico	0	52.7
0600000US7212524309	Duey Alto barrio, San Germán Municipio, Puerto Rico	2	57.2
0600000US7212524352	Duey Bajo barrio, San Germán Municipio, Puerto Rico	0	45.4
0600000US7212530802	Guamá barrio, San Germán Municipio, Puerto Rico	0	48.3
0600000US7212534801	Hoconuco Alto barrio, San Germán Municipio, Puerto Rico	0.4	79.1
0600000US7212534844	Hoconuco Bajo barrio, San Germán Municipio, Puerto Rico	0	50.4
0600000US7212550625	Maresúa barrio, San Germán Municipio, Puerto Rico	0	25.8
0600000US7212553248	Minillas barrio, San Germán Municipio, Puerto Rico	0.6	36.7
0600000US7212569244	Retiro barrio, San Germán Municipio, Puerto Rico	0	39.3
0600000US7212572426	Rosario Alto barrio, San Germán Municipio, Puerto Rico	0.6	46.3
0600000US7212572469	Rosario Bajo barrio, San Germán Municipio, Puerto Rico	0	61.1
0600000US7212572512	Rosario Peñón barrio, San Germán Municipio, Puerto Rico	0	79
0600000US7212573415	Sabana Eneas barrio, San Germán Municipio, Puerto Rico	0	53.5
0600000US7212573673	Sabana Grande Abajo barrio, San Germán Municipio, Puerto Rico	0	30.2
0600000US7212576210	San Germán barrio-pueblo, San Germán Municipio, Puerto Rico	3.5	39.6
0600000US7212583821	Tuna barrio, San Germán Municipio, Puerto Rico	2.7	100
0600000US7212700000	Municipio subdivision not defined, San Juan Municipio, Puerto Rico	0	-
0600000US7212710721	Caimito barrio, San Juan Municipio, Puerto Rico	-	16.8
0600000US7212722847	Cupey barrio, San Juan Municipio, Puerto Rico	6.9	22
0600000US7212724868	El Cinco barrio, San Juan Municipio, Puerto Rico	4.6	13.9
0600000US7212730587	Gobernador Piñero barrio, San Juan Municipio, Puerto Rico	12.4	37.3
0600000US7212733984	Hato Rey Central barrio, San Juan Municipio, Puerto Rico	17.2	43.9
0600000US7212734027	Hato Rey Norte barrio, San Juan Municipio, Puerto Rico	12.3	36
0600000US7212734070	Hato Rey Sur barrio, San Juan Municipio, Puerto Rico	10.9	26.2
0600000US7212753893	Monacillo barrio, San Juan Municipio, Puerto Rico	15.3	19.7
0600000US7212753936	Monacillo Urbano barrio, San Juan Municipio, Puerto Rico	6.2	30
0600000US7212757247	Oriente barrio, San Juan Municipio, Puerto Rico	6.3	53.3
0600000US7212764729	Pueblo barrio, San Juan Municipio, Puerto Rico	8.4	49.7
0600000US7212766879	Quebrada Arenas barrio, San Juan Municipio, Puerto Rico	26	47
0600000US7212774017	Sabana Llana Norte barrio, San Juan Municipio, Puerto Rico	3.9	42
0600000US7212774060	Sabana Llana Sur barrio, San Juan Municipio, Puerto Rico	9.7	25.8
0600000US7212776812	San Juan Antiguo barrio, San Juan Municipio, Puerto Rico	6.7	38
0600000US7212779693	Santurce barrio, San Juan Municipio, Puerto Rico	7.1	47.9
0600000US7212783348	Tortugo barrio, San Juan Municipio, Puerto Rico	20.2	20.3
0600000US7212784079	Universidad barrio, San Juan Municipio, Puerto Rico	3.2	15.1
0600000US7212915451	Cayaguas barrio, San Lorenzo Municipio, Puerto Rico	18.3	49
0600000US7212917300	Cerro Gordo barrio, San Lorenzo Municipio, Puerto Rico	0	29.4
0600000US7212927405	Espino barrio, San Lorenzo Municipio, Puerto Rico	1.7	56.1
0600000US7212928910	Florida barrio, San Lorenzo Municipio, Puerto Rico	0	39
0600000US7212933425	Hato barrio, San Lorenzo Municipio, Puerto Rico	1.3	47.3
0600000US7212937209	Jagual barrio, San Lorenzo Municipio, Puerto Rico	1.1	54.1
0600000US7212966750	Quebrada barrio, San Lorenzo Municipio, Puerto Rico	0	22.2
0600000US7212966922	Quebrada Arenas barrio, San Lorenzo Municipio, Puerto Rico	0.5	51.5
0600000US7212967481	Quebrada Honda barrio, San Lorenzo Municipio, Puerto Rico	0	57.2
0600000US7212968212	Quemados barrio, San Lorenzo Municipio, Puerto Rico	0.5	32.4
0600000US7212977070	San Lorenzo barrio-pueblo, San Lorenzo Municipio, Puerto Rico	1.9	62.3
0600000US7213101390	Aibonito barrio, San Sebastián Municipio, Puerto Rico	0.4	61.7
0600000US7213102422	Alto Sano barrio, San Sebastián Municipio, Puerto Rico	1.3	54.6
0600000US7213104486	Bahomamey barrio, San Sebastián Municipio, Puerto Rico	7.5	68
0600000US7213110893	Calabazas barrio, San Sebastián Municipio, Puerto Rico	0	52.7
0600000US7213117902	Cibao barrio, San Sebastián Municipio, Puerto Rico	0.2	77.3
0600000US7213118203	Cidral barrio, San Sebastián Municipio, Puerto Rico	0	70.7
0600000US7213122804	Culebrinas barrio, San Sebastián Municipio, Puerto Rico	4	58.2
0600000US7213126674	Eneas barrio, San Sebastián Municipio, Puerto Rico	2	57.1
0600000US7213130630	Guacio barrio, San Sebastián Municipio, Puerto Rico	7.7	77.8
0600000US7213130759	Guajataca barrio, San Sebastián Municipio, Puerto Rico	0	59.6
0600000US7213131791	Guatemala barrio, San Sebastián Municipio, Puerto Rico	0	42.3
0600000US7213133640	Hato Arriba barrio, San Sebastián Municipio, Puerto Rico	0	52.2
0600000US7213135274	Hoya Mala barrio, San Sebastián Municipio, Puerto Rico	0.4	48.7
0600000US7213139488	Juncal barrio, San Sebastián Municipio, Puerto Rico	0.8	46.5
0600000US7213148776	Magos barrio, San Sebastián Municipio, Puerto Rico	0.5	67.3
0600000US7213153334	Mirabales barrio, San Sebastián Municipio, Puerto Rico	5.9	81.7
0600000US7213161246	Perchas 1 barrio, San Sebastián Municipio, Puerto Rico	0	59.1
0600000US7213161289	Perchas 2 barrio, San Sebastián Municipio, Puerto Rico	7.5	78.2
0600000US7213161805	Piedras Blancas barrio, San Sebastián Municipio, Puerto Rico	0	55.3
0600000US7213164213	Pozas barrio, San Sebastián Municipio, Puerto Rico	1.2	37.3
0600000US7213171910	Robles barrio, San Sebastián Municipio, Puerto Rico	0.2	56.9
0600000US7213175049	Salto barrio, San Sebastián Municipio, Puerto Rico	0	38.8
0600000US7213177543	San Sebastián barrio-pueblo, San Sebastián Municipio, Puerto Rico	0	71.8
0600000US7213180424	Sonador barrio, San Sebastián Municipio, Puerto Rico	1.8	35.6
0600000US7213300000	Municipio subdivision not defined, Santa Isabel Municipio, Puerto Rico	0	-
0600000US7213307926	Boca Velázquez barrio, Santa Isabel Municipio, Puerto Rico	-	60.3
0600000US7213323492	Descalabrado barrio, Santa Isabel Municipio, Puerto Rico	0.3	49.7
0600000US7213328179	Felicia 1 barrio, Santa Isabel Municipio, Puerto Rico	0.7	25.4
0600000US7213328222	Felicia 2 barrio, Santa Isabel Municipio, Puerto Rico	0	30.7
0600000US7213338284	Jauca 1 barrio, Santa Isabel Municipio, Puerto Rico	0.2	56.3
0600000US7213338327	Jauca 2 barrio, Santa Isabel Municipio, Puerto Rico	1.4	28.4
0600000US7213362794	Playa barrio, Santa Isabel Municipio, Puerto Rico	0.1	59.9
0600000US7213378188	Santa Isabel barrio-pueblo, Santa Isabel Municipio, Puerto Rico	0	54.1
0600000US7213520267	Contorno barrio, Toa Alta Municipio, Puerto Rico	0.9	45.4
0600000US7213529856	Galateo barrio, Toa Alta Municipio, Puerto Rico	2.9	57.9
0600000US7213555398	Mucarabones barrio, Toa Alta Municipio, Puerto Rico	0.9	29.4
0600000US7213557548	Ortíz barrio, Toa Alta Municipio, Puerto Rico	1.5	30.6
0600000US7213562063	Piñas barrio, Toa Alta Municipio, Puerto Rico	1.3	47
0600000US7213566965	Quebrada Arenas barrio, Toa Alta Municipio, Puerto Rico	1.8	39.5
0600000US7213567180	Quebrada Cruz barrio, Toa Alta Municipio, Puerto Rico	0.5	47.7
0600000US7213571523	Río Lajas barrio, Toa Alta Municipio, Puerto Rico	0.8	14.9
0600000US7213582531	Toa Alta barrio-pueblo, Toa Alta Municipio, Puerto Rico	0	53.8
0600000US7213700000	Municipio subdivision not defined, Toa Baja Municipio, Puerto Rico	1.9	-
0600000US7213712484	Candelaria barrio, Toa Baja Municipio, Puerto Rico	-	33.1
0600000US7213752646	Media Luna barrio, Toa Baja Municipio, Puerto Rico	2.2	59
0600000US7213759268	Palo Seco barrio, Toa Baja Municipio, Puerto Rico	1.1	55.8
0600000US7213774232	Sabana Seca barrio, Toa Baja Municipio, Puerto Rico	0	30.9
0600000US7213782660	Toa Baja barrio-pueblo, Toa Baja Municipio, Puerto Rico	3.1	26.8
0600000US7213914376	Carraízo barrio, Trujillo Alto Municipio, Puerto Rico	1.5	20.3
0600000US7213922546	Cuevas barrio, Trujillo Alto Municipio, Puerto Rico	2.9	34.1
0600000US7213924137	Dos Bocas barrio, Trujillo Alto Municipio, Puerto Rico	4.7	13.8
0600000US7213940606	La Gloria barrio, Trujillo Alto Municipio, Puerto Rico	5.9	31.3
0600000US7213967395	Quebrada Grande barrio, Trujillo Alto Municipio, Puerto Rico	0.7	34.8
0600000US7213967653	Quebrada Negrito barrio, Trujillo Alto Municipio, Puerto Rico	1.1	48.7
0600000US7213974670	St. Just barrio, Trujillo Alto Municipio, Puerto Rico	2.3	24.6
0600000US7213983649	Trujillo Alto barrio-pueblo, Trujillo Alto Municipio, Puerto Rico	5.4	64.3
0600000US7214102981	Angeles barrio, Utuado Municipio, Puerto Rico	0	58.6
0600000US7214103884	Arenas barrio, Utuado Municipio, Puerto Rico	1.2	42.4
0600000US7214110291	Caguana barrio, Utuado Municipio, Puerto Rico	0	44.4
0600000US7214112742	Caníaco barrio, Utuado Municipio, Puerto Rico	0.3	50
0600000US7214113387	Caonillas Abajo barrio, Utuado Municipio, Puerto Rico	0	76
0600000US7214113473	Caonillas Arriba barrio, Utuado Municipio, Puerto Rico	0	28.9
0600000US7214120095	Consejo barrio, Utuado Municipio, Puerto Rico	0	47
0600000US7214123922	Don Alonso barrio, Utuado Municipio, Puerto Rico	0	68.6
0600000US7214131404	Guaonico barrio, Utuado Municipio, Puerto Rico	1.4	85
0600000US7214144304	Las Palmas barrio, Utuado Municipio, Puerto Rico	1.8	53.4
0600000US7214145594	Limón barrio, Utuado Municipio, Puerto Rico	0	26.7
0600000US7214149894	Mameyes Abajo barrio, Utuado Municipio, Puerto Rico	0	38.9
0600000US7214159827	Paso Palma barrio, Utuado Municipio, Puerto Rico	0.8	80.6
0600000US7214170018	Río Abajo barrio, Utuado Municipio, Puerto Rico	0	73.3
0600000US7214172082	Roncador barrio, Utuado Municipio, Puerto Rico	0	41.5
0600000US7214173630	Sabana Grande barrio, Utuado Municipio, Puerto Rico	0	39.1
0600000US7214175092	Salto Abajo barrio, Utuado Municipio, Puerto Rico	0	47.5
0600000US7214175135	Salto Arriba barrio, Utuado Municipio, Puerto Rico	1.6	37.5
0600000US7214178231	Santa Isabel barrio, Utuado Municipio, Puerto Rico	1.7	93.6
0600000US7214179134	Santa Rosa barrio, Utuado Municipio, Puerto Rico	0	-
0600000US7214182015	Tetuán barrio, Utuado Municipio, Puerto Rico	-	79.2
0600000US7214184552	Utuado barrio-pueblo, Utuado Municipio, Puerto Rico	0	57.9
0600000US7214187562	Viví Abajo barrio, Utuado Municipio, Puerto Rico	0.1	45
0600000US7214187605	Viví Arriba barrio, Utuado Municipio, Puerto Rico	1.2	18.8
0600000US7214300000	Municipio subdivision not defined, Vega Alta Municipio, Puerto Rico	0	-
0600000US7214304830	Bajura barrio, Vega Alta Municipio, Puerto Rico	-	61.8
0600000US7214312527	Candelaria barrio, Vega Alta Municipio, Puerto Rico	0.5	64.6
0600000US7214318418	Cienegueta barrio, Vega Alta Municipio, Puerto Rico	0.4	74.2
0600000US7214327534	Espinosa barrio, Vega Alta Municipio, Puerto Rico	0	38.7
0600000US7214351356	Maricao barrio, Vega Alta Municipio, Puerto Rico	2.9	44.5
0600000US7214352388	Mavilla barrio, Vega Alta Municipio, Puerto Rico	0.2	59
0600000US7214373157	Sabana barrio, Vega Alta Municipio, Puerto Rico	2.2	48.7
0600000US7214385240	Vega Alta barrio-pueblo, Vega Alta Municipio, Puerto Rico	1.2	47.8
0600000US7214501734	Algarrobo barrio, Vega Baja Municipio, Puerto Rico	0.2	41.5
0600000US7214502121	Almirante Norte barrio, Vega Baja Municipio, Puerto Rico	0.8	58.5
0600000US7214502164	Almirante Sur barrio, Vega Baja Municipio, Puerto Rico	0	57.3
0600000US7214509775	Cabo Caribe barrio, Vega Baja Municipio, Puerto Rico	0	42.5
0600000US7214516182	Ceiba barrio, Vega Baja Municipio, Puerto Rico	1.2	51.7
0600000US7214517988	Cibuco barrio, Vega Baja Municipio, Puerto Rico	0.4	0
0600000US7214565503	Puerto Nuevo barrio, Vega Baja Municipio, Puerto Rico	0	43.3
0600000US7214565933	Pugnado Adentro barrio, Vega Baja Municipio, Puerto Rico	1.6	56.6
0600000US7214566019	Pugnado Afuera barrio, Vega Baja Municipio, Puerto Rico	0	48.2
0600000US7214567008	Quebrada Arenas barrio, Vega Baja Municipio, Puerto Rico	0.8	48.6
0600000US7214570104	Río Abajo barrio, Vega Baja Municipio, Puerto Rico	0	65
0600000US7214570276	Río Arriba barrio, Vega Baja Municipio, Puerto Rico	0.3	100
0600000US7214585369	Vega Baja barrio-pueblo, Vega Baja Municipio, Puerto Rico	0	52.3
0600000US7214588379	Yeguada barrio, Vega Baja Municipio, Puerto Rico	0.8	51.2
0600000US7214700000	Municipio subdivision not defined, Vieques Municipio, Puerto Rico	0	-
0600000US7214728953	Florida barrio, Vieques Municipio, Puerto Rico	-	48.9
0600000US7214736564	Isabel II barrio-pueblo, Vieques Municipio, Puerto Rico	0.4	29.1
0600000US7214746196	Llave barrio, Vieques Municipio, Puerto Rico	3.1	-
0600000US7214755312	Mosquito barrio, Vieques Municipio, Puerto Rico	-	-
0600000US7214765331	Puerto Diablo barrio, Vieques Municipio, Puerto Rico	-	50.4
0600000US7214765374	Puerto Ferro barrio, Vieques Municipio, Puerto Rico	1.1	20.3
0600000US7214765675	Puerto Real barrio, Vieques Municipio, Puerto Rico	0	23.4
0600000US7214766148	Punta Arenas barrio, Vieques Municipio, Puerto Rico	0	-
0600000US7214913430	Caonillas Abajo barrio, Villalba Municipio, Puerto Rico	-	64.5
0600000US7214913516	Caonillas Arriba barrio, Villalba Municipio, Puerto Rico	0	60.9
0600000US7214933855	Hato Puerco Abajo barrio, Villalba Municipio, Puerto Rico	0	59.2
0600000US7214933898	Hato Puerco Arriba barrio, Villalba Municipio, Puerto Rico	0	60
0600000US7214984595	Vacas barrio, Villalba Municipio, Puerto Rico	0.1	45.3
0600000US7214986874	Villalba barrio-pueblo, Villalba Municipio, Puerto Rico	0	63.4
0600000US7214986917	Villalba Abajo barrio, Villalba Municipio, Puerto Rico	0.4	51.5
0600000US7214986960	Villalba Arriba barrio, Villalba Municipio, Puerto Rico	0	41.9
0600000US7215100573	Aguacate barrio, Yabucoa Municipio, Puerto Rico	0.2	40.8
0600000US7215110936	Calabazas barrio, Yabucoa Municipio, Puerto Rico	0.3	46.3
0600000US7215111452	Camino Nuevo barrio, Yabucoa Municipio, Puerto Rico	0.5	52.1
0600000US7215132135	Guayabota barrio, Yabucoa Municipio, Puerto Rico	0.3	56.7
0600000US7215137080	Jácanas barrio, Yabucoa Municipio, Puerto Rico	0.6	48.2
0600000US7215139359	Juan Martín barrio, Yabucoa Municipio, Puerto Rico	0	48.3
0600000US7215145680	Limones barrio, Yabucoa Municipio, Puerto Rico	0.3	44.8
0600000US7215162837	Playa barrio, Yabucoa Municipio, Puerto Rico	0.2	47.7
0600000US7215181886	Tejas barrio, Yabucoa Municipio, Puerto Rico	1.4	51.5
0600000US7215187906	Yabucoa barrio-pueblo, Yabucoa Municipio, Puerto Rico	2.4	45.2
0600000US7215300831	Aguas Blancas barrio, Yauco Municipio, Puerto Rico	0.6	88.5
0600000US7215301777	Algarrobo barrio, Yauco Municipio, Puerto Rico	0	63.5
0600000US7215301949	Almácigo Alto barrio, Yauco Municipio, Puerto Rico	2.7	80.9
0600000US7215302035	Almácigo Bajo barrio, Yauco Municipio, Puerto Rico	0	50.7
0600000US7215305432	Barina barrio, Yauco Municipio, Puerto Rico	0.3	35.4
0600000US7215310764	Caimito barrio, Yauco Municipio, Puerto Rico	0.7	50.4
0600000US7215319407	Collores barrio, Yauco Municipio, Puerto Rico	0	44.6
0600000US7215323621	Diego Hernández barrio, Yauco Municipio, Puerto Rico	0	64.5
0600000US7215324266	Duey barrio, Yauco Municipio, Puerto Rico	0	67
0600000US7215329512	Frailes barrio, Yauco Municipio, Puerto Rico	0.4	89.9
0600000US7215337037	Jácana barrio, Yauco Municipio, Puerto Rico	0	59.8
0600000US7215356430	Naranjo barrio, Yauco Municipio, Puerto Rico	0	53.8
0600000US7215367739	Quebradas barrio, Yauco Municipio, Puerto Rico	0	82.4
0600000US7215368814	Ranchera barrio, Yauco Municipio, Puerto Rico	0	93.5
0600000US7215371652	Río Prieto barrio, Yauco Municipio, Puerto Rico	0	61
0600000US7215372684	Rubias barrio, Yauco Municipio, Puerto Rico	0	73.9
0600000US7215380166	Sierra Alta barrio, Yauco Municipio, Puerto Rico	0	79.3
0600000US7215381069	Susúa Alta barrio, Yauco Municipio, Puerto Rico	0	51
0600000US7215381155	Susúa Baja barrio, Yauco Municipio, Puerto Rico	0.5	43.8
0600000US7215385541	Vegas barrio, Yauco Municipio, Puerto Rico	0.5	16.2
0600000US7215388078	Yauco barrio-pueblo, Yauco Municipio, Puerto Rico	0	60.5